User_ID,Full Name,Username,Password,Routing,Account
1,Olivia Parker,u0001,A9p!r7Kq,900000001,1000000001
2,Liam Hernandez,u0002,B3x@t8Lm,900000002,1000000002
3,Emma Johnson,u0003,C7v#n2Qs,900000003,1000000003
4,Noah Martinez,u0004,D4k%y6Wp,900000004,1000000004
5,Ava Robinson,u0005,E1m*o9Jr,900000005,1000000005
6,William Lee,u0006,F8s?b3Nt,900000006,1000000006
7,Sophia Davis,u0007,G2q!z5Hv,900000007,1000000007
8,James Garcia,u0008,H6l@w1Kc,900000008,1000000008
9,Isabella Clark,u0009,I5n#r8Pe,900000009,1000000009
10,Benjamin Lewis,u0010,J0b%t4Sa,900000010,1000000010
11,Mia Walker,u0011,K9m*e2Qh,900000011,1000000011
12,Lucas Young,u0012,L3v?y7Rb,900000012,1000000012
13,Charlotte Hall,u0013,M7p!z1Nd,900000013,1000000013
14,Henry Allen,u0014,N2k@w6Uf,900000014,1000000014
15,Amelia King,u0015,O8s#b3Gt,900000015,1000000015
16,Alexander Wright,u0016,P4q%r9La,900000016,1000000016
17,Harper Scott,u0017,Q1l*e5Kv,900000017,1000000017
18,Michael Torres,u0018,R6v?y2Hs,900000018,1000000018
19,Evelyn Flores,u0019,S3p!z8Mn,900000019,1000000019
20,Daniel Rivera,u0020,T9k@w4Bc,900000020,1000000020
